{
  "loss": 0.22284728454855773,
  "mean_iou": 0.6418697807273658,
  "mean_dice": 0.4880939722061157,
  "pixel_acc": 0.915557626577524,
  "conf_matrix": [
    [
      15057880,
      253966
    ],
    [
      1184878,
      542636
    ]
  ],
  "iou_per_cls": [
    0.9834137558937073,
    0.3141137957572937
  ]
}