{
  "loss": 0.1965863726594869,
  "mean_iou": 0.6651157669153909,
  "mean_dice": 0.5421910881996155,
  "pixel_acc": 0.9296870304987981,
  "conf_matrix": [
    [
      15165531,
      146315
    ],
    [
      1051773,
      675741
    ]
  ],
  "iou_per_cls": [
    0.9904443025588989,
    0.39116382598876953
  ]
}